en,fr,es,zh-CN,hi
confirm,confirmer,confirmar,确认,पुष्टि करना
fact,fait,hecho,事实,तथ्य
fate,destin,destino,命运,भाग्य
Items,Articles,Elementos,项目,सामान
conduct,conduire,conducta,执行,आचरण
Distribution,Distribution,Distribución,分配,वितरण
Resolve,Résoudre,Resolver,解决,संकल्प
von,von,Von,冯,वॉन
String,Chaîne,Cadena,细绳,डोरी
caught,attrapé,atrapó,捕捉,पकड़ा गया
Out,Dehors,Afuera,出去,बाहर
resources,ressources,recursos,资源,संसाधन
wrapper,emballage,envoltura,包装纸,आवरण
Unit,Unité,Unidad,单元,इकाई
jet,jet,chorro,喷射,जेट
Rights,Droits,Derecho,权利,अधिकार
Making,Fabrication,Haciendo,制作,निर्माण
nos,n °,nostido,nos,ओपन स्कूल
447,447,447,447,447
prepare,préparer,preparar,准备,तैयार करना
feature,fonctionnalité,característica,特征,विशेषता
Jorge,Jorge,Jorge,豪尔赫,जॉर्ज
sequence,séquence,secuencia,顺序,अनुक्रम
heed,attention,atención,注意,सावधानी
Hospital,Hôpital,Hospital,医院,अस्पताल
architecture,architecture,arquitectura,建筑学,वास्तुकला
subscribe,s'abonner,suscribir,订阅,सदस्यता लें
instance,exemple,instancia,实例,उदाहरण
testing,essai,pruebas,测试,परीक्षण
vents,évents,respiraderos,通风口,झरोखों
glass,verre,vaso,玻璃,काँच
bond,lier,vínculo,纽带,गहरा संबंध
hid,se cacher,escondite,隐藏,छुपा दिया
chunk,gros morceau,pedazo,大块,टुकड़ा
Writing,En écrivant,Escribiendo,写作,लिखना
activate,activer,activar,激活,सक्रिय करना
Signal,Signal,Señal,信号,संकेत
ity,ité,ity,性,अल्पसंख्यक
695,695,695,695,695
pet,animal de compagnie,mascota,宠物,पालतू
rank,rang,rango,秩,रैंक
1907,1907,1907,1907年,1907
635,635,635,635,635
lock,verrouillage,cerrar,锁,ताला
ways,manières,maneras,方式,तौर तरीकों
Juan,Juan,Juan,胡安,जुआन
Dip,Tremper,Aderezo,蘸,डुबोना
err,se tromper,errar,犯错,ग़लती होना
areas,zones,áreas,区域,क्षेत्रों
pies,tartes,pasteles,派,पाईज़
cod,morue,bacalao,鳕鱼,कॉड
Wow,Ouah,Guau,哇,बहुत खूब
plots,parcelles,tramas,情节,भूखंडों
man,homme,hombre,男人,आदमी
141,141,141,141,141
170,170,170,170,170
computer,ordinateur,computadora,电脑,कंप्यूटर
absorb,absorber,absorber,吸收,अवशोषित करना
Lastly,Dernièrement,Por último,最后,अंत में
Center,Centre,Centro,中心,केंद्र
357,357,357,357,357
Train,Former,Tren,火车,रेलगाड़ी
Women,Femmes,Mujer,女性,औरत
zur,zur,zur,Zur,जुर
partner,partenaire,pareja,伙伴,साथी
pine,pin,pino,松树,पाइन
vies,vélos,vías,VIE,vies
occurrence,occurrence,aparición,发生,घटना
Length,Longueur,Longitud,长度,लंबाई
again,encore,de nuevo,再次,दोबारा
des,des,desesperación,des,डेस
types,types,tipos,类型,प्रकार
Still,Toujours,Aún,仍然,फिर भी
commission,commission,comisión,委员会,आयोग
matrix,matrice,matriz,矩阵,मैट्रिक्स
cells,cellules,células,细胞,कोशिकाओं
cow,vache,vaca,奶牛,गाय
ether,éther,éter,醚,ईथर
613,613,613,613,613
FBI,FBI,FBI,联邦调查局,एफबीआई
commands,commandes,comandos,命令,आदेश
pair,paire,par,一对,जोड़ा
positions,positions,posición,位置,पदों
resource,ressource,recurso,资源,संसाधन
It's,C'est,Es,它是,इसका
went,est allé,fue,去了,गया
policy,politique,política,政策,नीति
unto,de,hasta,to,इधार
act,acte,acto,行为,कार्य
Jon,Jon,Jon,乔恩,जॉन
Mail,Mail,Correo,邮件,मेल
work,travail,trabajar,工作,काम
Del,Del,Deleño,del,डेल
reach,atteindre,alcanzar,抵达,पहुँचना
During,Pendant,Durante,期间,दौरान
display,afficher,mostrar,展示,प्रदर्शन
don't,ne le faites pas,no,不,नहीं
folk,populaire,gente,民间,लोक
ologies,Oologies,ologías,神学,ology
chants,chants,cántico,颂歌,मंत्र
wand,baguette magique,varita mágica,魔杖,वैंड
gage,jauge,calibrar,量规,पण
show,montrer,espectáculo,展示,दिखाओ
1967,1967,1967,1967年,1967
agree,accepter,aceptar,同意,सहमत
Super,Super,Súper,极好的,बहुत अच्छा
Digest,Digérer,Digerir,消化,संग्रह
axes,haches,hachas,轴,कुल्हाड़ियों
Gil,Gil,Gil,吉尔,गिल
loop,boucle,bucle,环形,कुंडली
letter,lettre,carta,信,पत्र
save,sauvegarder,ahorrar,节省,बचाना
Physics,Physique,Física,物理,भौतिक विज्ञान
Exceptions,Exceptions,Excepciones,例外,अपवाद
antics,bouffonneries,payasadas,滑稽动作,हरकतों
inherit,hériter,heredar,继承,इनहेरिट
theme,thème,tema,主题,विषय
sues,poursuites,demandar,起诉,मुकदमा
Simon,Simon,Simón,西蒙,साइमन
logging,enregistrement,explotación florestal,记录,काटना
Skill,Compétence,Habilidad,技能,कौशल
acre,acre,acre,英亩,एकड़
Paul,Paul,Pablo,保罗,पॉल
kit,trousse,equipo,成套工具,किट
Even,Même,Incluso,甚至,यहां तक ​​की
395,395,395,395,395
Cut,Couper,Cortar,切,काटना
assent,assentiment,asentir,同意,अनुमति
number,nombre,número,数字,संख्या
800,800,800,800,800
Cop,Flic,Policía,警察,पुलिस
Henry,Henri,Henry,亨利,हेनरी
Easy,Facile,Fácil,简单的,आसान
tails,queue,cruz,尾巴,पूंछ
commit,commettre,comprometerse,犯罪,प्रतिबद्ध
lots,beaucoup,lotes,很多,बहुत
Tool,Outil,Herramienta,工具,औजार
tail,queue,cola,尾巴,पूँछ
442,442,442,442,442
govern,gouverner,gobernar,治理,को नियंत्रित करने वाले
noise,bruit,ruido,噪音,शोर
dump,décharge,vertedero,倾倒,गंदी जगह
foot,pied,pie,脚,पैर
Choice,Choix,Elección,选择,पसंद
677,677,677,677,677
162,162,162,162,162
march,mars,marzo,行进,मार्च
1886,1886,1886,1886年,1886
latitude,latitude,latitud,纬度,अक्षांश
populate,peupler,poblar,填充,आबाद करना
Waiting,En attendant,Espera,等待,इंतज़ार में
People,Personnes,Gente,人们,लोग
mah,mah,mah,妈,mAh की
Non,Non,No,非,गैर
Services,Services,Servicios,服务,सेवाएं
oval,ovale,oval,椭圆形,अंडाकार
America,Amérique,América,美国,अमेरिका
Training,Entraînement,Capacitación,训练,प्रशिक्षण
Anthony,Anthony,Antonio,安东尼,एंथोनी
May,Peut,Puede,可能,मई
life,vie,vida,生活,ज़िंदगी
axe,hache,hacha,斧头,कुल्हाड़ी
Tuesday,Mardi,Martes,周二,मंगलवार
Names,Noms,Nombres,名称,नाम
renew,renouveler,renovar,更新,नवीकरण
train,former,tren,火车,रेलगाड़ी
Phone,Téléphone,Teléfono,电话,फ़ोन
1887,1887,1887,1887年,1887
stick,bâton,palo,戳,चिपकना
strings,cordes,instrumentos de cuerda,字符串,तार
weapon,arme,arma,武器,हथियार
Alexander,Alexandre,Alejandro,亚历山大,सिकंदर
You've,Vous,Tienes,你,आपने
Expect,Attendre,Esperar,预计,अपेक्षा करना
population,population,población,人口,जनसंख्या
selection,sélection,selección,选择,चयन
trip,voyage,viaje,旅行,यात्रा
202,202,202,202,202
rolling,roulement,laminación,滚动,रोलिंग
fruit,fruit,fruta,水果,फल
Rest,Repos,Descansar,休息,आराम
24%,24%,24%,24％,24%
There's,Il y a,Hay,有,वहाँ है
classes,classes,clases,课程,कक्षाओं
resolution,résolution,resolución,解决,संकल्प
ACS,ACS,Aca,ACS,एसीएस
Reading,En lisant,Lectura,阅读,पढ़ना
gem,gemme,joya,宝石,जीईएम
lise,lis,calmar,莉斯,लिसे
ground,sol,suelo,地面,मैदान
Git,Git,Git,git,गिटा
Era,Ère,Era,时代,युग
numbers,Nombres,números,数字,नंबर
1819,1819,1819,1819年,1819
Bueno,Bueno,Buito,布宜诺,बुएनो
deal,accord,trato,交易,सौदा
Space,Espace,Espacio,空间,अंतरिक्ष
wind,vent,viento,风,हवा
God,Dieu,Dios,上帝,ईश्वर
Convention,Convention,Convención,习俗,सम्मेलन
240,240,240,240,240
February,Février,Febrero,二月,फ़रवरी
Finish,Finition,Finalizar,结束,खत्म करना
Pen,Stylo,Bolígrafo,笔,कलम
epoch,époque,época,时代,युग
046,046,046,046,046
missions,missions,misiones,任务,मिशनों
jug,cruche,jarra,水罐,सुराही
Service,Service,Servicio,服务,सेवा
spaces,espaces,espacios,空间,खाली स्थान
lift,ascenseur,elevar,举起,उठाना
Carr,Carr,Carro,卡尔,कर्र
Gary,Gary,Gary,加里,गैरी
Change,Changement,Cambiar,改变,परिवर्तन
cant,ne peut pas,no poder,不能,नहीं कर सकता
694,694,694,694,694
Field,Champ,Campo,场地,मैदान
Here,Ici,Aquí,这里,यहाँ
1964,1964,1964,1964年,1964
Guard,Garde,Guardia,警卫,रक्षक
tell,dire,decir,告诉,कहना
rob,voler,robar,抢,लूटना
229,229,229,229,229
Sigma,Sigma,Sigma,西格玛,सिग्मा
mania,manie,manía,躁狂,उन्माद
below,ci-dessous,abajo,以下,नीचे
Activity,Activité,Actividad,活动,गतिविधि
features,caractéristiques,características,特征,विशेषताएँ
dismiss,rejeter,despedir,解雇,नकार देना
surface,surface,superficie,表面,सतह
reflect,refléter,reflejar,反映,प्रतिबिंबित होना
quantity,quantité,cantidad,数量,मात्रा
573,573,573,573,573
1972,1972,1972,1972,1972
mother,mère,madre,母亲,माँ
insert,insérer,insertar,插入,डालना
exclude,exclure,excluir,排除,बाहर करना
Berry,Baie,Baya,浆果,बेर
exchange,échange,intercambio,交换,अदला-बदली
734,734,734,734,734
styles,styles,estilos,样式,शैलियों
Cap,Capuchon,Tapa,帽,टोपी
Third,Troisième,Tercero,第三,तीसरा
content,contenu,contenido,内容,सामग्री
Camp,Camp,Acampar,营,शिविर
links,links,campo de golf,链接,लिंक
With,Avec,Con,和,साथ
Bird,Oiseau,Pájaro,鸟,चिड़िया
king,roi,rey,国王,राजा
Character,Personnage,Personaje,特点,चरित्र
Nick,Entaille,Mella,缺口,छेद
scan,balayage,escanear,扫描,स्कैन
while,alors que,mientras,尽管,जबकि
Unfortunately,Malheureusement,Desafortunadamente,很遗憾,दुर्भाग्य से
Direction,Direction,Dirección,方向,दिशा
fix,réparer,arreglar,使固定,हल करना
grab,saisir,agarrar,抓住,झपटना
rate,taux,tasa,速度,दर
149,149,149,149,149
efficient,efficace,eficiente,高效的,कुशल
1727,1727,1727,1727年,1727
measure,mesure,medida,措施,उपाय
mails,courrier,correos,邮件,मेल
Must,Doit,Debe,必须,अवश्य
Skip,Sauter,Saltar,跳过,छोडना
Baby,Bébé,Bebé,婴儿,बच्चा
106,106,106,106,106
1930,1930,1930,1930年,1930
channel,canal,canal,渠道,चैनल
word,mot,palabra,单词,शब्द
less,moins,menos,较少的,कम
dang,dang,dañar,ang,डांग
raising,élevage,levantamiento,升高,ऊपर उठाने
before,avant,antes,前,पहले
excel,exceller,sobresalir,Excel,एक्सेल
Detail,Détail,Detalle,细节,विवरण
redo,refaire,rehacer,重做,फिर से करना
amino,Amino,aminado,氨基,एमिनो
Interest,Intérêt,Interés,兴趣,दिलचस्पी
Far,Loin,Lejos,远的,दूर
vine,vigne,enredadera,藤,वाइन
King,Roi,Rey,国王,राजा
bits,bits,brocas,位,बिट्स
Image,Image,Imagen,图像,छवि
1927,1927,1927,1927年,1927
885,885,885,885,885
362,362,362,362,362
waiting,en attendant,espera,等待,इंतज़ार में
Test,Test,Prueba,测试,परीक्षा
titre,givre,titre,滴度,टाइट्रे
Night,Nuit,Noche,夜晚,रात
lick,lécher,lamer,舔,चाटना
Whatever,Peu importe,Lo que,任何,जो कुछ भी
mouse,souris,ratón,老鼠,चूहा
August,Août,Agosto,八月,अगस्त
Until,Jusqu'à,Hasta,直到,जब तक
seek,chercher,buscar,寻找,तलाश
agin,agin,contra,Agin,लिए पुन:
676,676,676,676,676
bench,banc,banco,长椅,बेंच
cent,cent,centavo,百分点,प्रतिशत
Nice,Bon,Lindo,好的,अच्छा
500,500,500,500,500
tips,conseils,consejos,尖端,सुझावों
fortune,fortune,fortuna,财富,भाग्य
pour,verser,derramar,倒,बहना
rules,règles,normas,规则,नियम
alia,Alia,Alia,阿里亚,बातों के साथ
Records,Enregistrements,Archivos,记录,अभिलेख
1-3,1-3,1-3,1-3,1-3
Split,Diviser,Dividir,分裂,विभाजित करना
notes,notes,notas,笔记,नोट
ends,fin,fines,结束,समाप्त होता है
pieces,pièces,piezas,件,टुकड़े
Parts,Parties,Regiones,部分,पार्ट्स
Constant,Constante,Constante,持续的,स्थिर
screen,écran,pantalla,屏幕,स्क्रीन
Probably,Probablement,Probablemente,大概,शायद
When,Quand,Cuando,什么时候,कब
Fill,Remplir,Llenar,充满,भरना
your,ton,su,你的,आपका
ESP,En particulier,Espíritu,尤其,ईएसपी
sleep,dormir,dormir,睡觉,नींद
stone,pierre,piedra,石头,पत्थर
869,869,869,869,869
apple,pomme,manzana,苹果,सेब
days,jours,días,天,दिन
marks,marques,marcas,标记,निशान
How,Comment,Cómo,如何,कैसे
quote,citation,cita,引用,उद्धरण
sites,sites,sitios,站点,साइटों
church,église,iglesia,教会,गिरजाघर
Otherwise,Sinon,De lo contrario,否则,अन्यथा
Brian,Brian,Brian,布莱恩,ब्रायन
Mill,Moulin,Molino,磨,चक्की
Sara,Sara,Sara,萨拉,सारा
posing,pose,posando,摆姿势,प्रस्तुत
lid,couvercle,tapa,盖,ढक्कन
vertex,sommet,vértice,顶点,शिखर
1944,1944,1944,1944年,1944
language,langue,idioma,语言,भाषा
header,tête,encabezamiento,标题,हैडर
bout,combat,combate,回合,बार
rowed,radié,remo,划船,नाव
space,espace,espacio,空间,अंतरिक्ष
retrieve,récupérer,recuperar,取回,पुनः प्राप्त करना
stream,flux,arroyo,溪流,धारा
jaw,mâchoire,mandíbula,颚,जबड़ा
565,565,565,565,565
din,vacarme,estruendo,丁,शोर
effect,effet,efecto,影响,प्रभाव
hind,de derrière,posterior,后,पिछला
85%,85%,85%,85％,85%
gate,grille,puerta,门,दरवाज़ा
Ciudad,Ciudad,Ciudad,Ciudad,Ciudad
Article,Article,Artículo,文章,लेख
Offer,Offre,Oferta,提供,प्रस्ताव
pen,stylo,bolígrafo,笔,कलम
attention,attention,atención,注意力,ध्यान
actually,en fait,de hecho,实际上,वास्तव में
Care,Soins,Cuidado,关心,देखभाल करना
fine,bien,bien,美好的,अच्छा
bete,bete,bete,贝特,धुर
add,ajouter,agregar,添加,जोड़ना
Jose,Jose,José,何塞,जोस
trio,trio,trío,三人组,तिकड़ी
1865,1865,1865,1865年,1865
translate,traduire,traducir,翻译,अनुवाद
never,jamais,nunca,绝不,कभी नहीं
mar,mar,mar,3月,मार्च
Philip,Philippe,Filipes,菲利普,फ़िलिप
rides,promenades,paseos,游乐设施,सवारी
frame,cadre,marco,框架,चौखटा
aces,as,aces,ACES,इक्के
aching,douloureux,dolor,酸痛,दर्द
bush,buisson,arbusto,衬套,झाड़ी
175,175,175,175,175
bank,banque,banco,银行,किनारा
Also,Aussi,También,还,भी
handlers,gestionnaires,manejadores,处理者,संचालकों
Further,Plus loin,Más,更远,आगे
south,sud,sur,南,दक्षिण
fetch,aller chercher,buscar,拿来,लाना
Park,Parc,Parque,公园,पार्क
Wizard,Magicien,Mago,向导,जादूगर
Route,Itinéraire,Ruta,路线,मार्ग
it's,c'est,es,它是,इसका
He's,Il est,El es,他是,वह है
pot,pot,olla,锅,बर्तन
Lemma,Lemme,Lema,引理,लेम्मा
Bob,Bob,Chelín,鲍勃,बीओबी
Patrick,Patrick,Patricio,帕特里克,पैट्रिक
rule,règle,regla,规则,नियम
Wood,Bois,Madera,木头,लकड़ी
nor,ni,ni,也不,और न
123,123,123,123,123
vehicle,véhicule,vehículo,车辆,वाहन
have,avoir,tener,有,पास होना
rash,éruption cutanée,erupción,皮疹,खरोंच
platform,plate-forme,plataforma,平台,प्लैटफ़ॉर्म
Then,Alors,Entonces,然后,तब
March,Mars,Marzo,行进,मार्च
Saturday,Samedi,Sábado,周六,शनिवार
CDC,CDC,Centros para el Control y la Prevención de Enfermedades,CDC,CDC
236,236,236,236,236
Lay,Poser,Poner,放置,बिछाना
mean,signifier,significar,意思是,अर्थ
Cole,Cole,Col,油菜,गोभी
credit,crédit,crédito,信用,श्रेय
124,124,124,124,124
1929,1929,1929,1929年,1929
415,415,415,415,415
needs,besoins,necesidades,需要,आवश्यकताओं
2-3,2-3,2-3,2-3,2-3
1024,1024,1024,1024,1024
Close,Fermer,Cerca,关闭,बंद करना
enfant,enfant,encender,Enfant,लपेटना
She,Elle,Ella,她,वह
flows,coulées,flujos,流,प्रवाह
Eye,Œil,Ojo,眼睛,आँख
References,Références,Referencias,参考,संदर्भ
treatment,traitement,tratamiento,治疗,इलाज
validate,valider,validar,证实,मान्य
Robin,Roupler,Petirrojo,罗宾,रोबिन
configuration,configuration,configuración,配置,विन्यास
water,eau,agua,水,पानी
status,statut,estado,地位,स्थिति
its,c'est,es,它是,इसका
party,faire la fête,fiesta,派对,दल
Thay,Thay,Thay,Thay,बताने वाली
Want,Vouloir,Desear,想,चाहना
12',12 ',12 ',12',12 '
extra,supplémentaire,extra,额外的,अतिरिक्त
140,140,140,140,140
emit,émettre,emitir,发射,फेंकना
Ross,Ross,Ross,罗斯,रॉस
mare,jument,yegua,母马,घोड़ी
Party,Faire la fête,Fiesta,派对,दल
Bridge,Pont,Puente,桥,पुल
were,étaient,eran,是,थे
attack,attaque,ataque,攻击,आक्रमण करना
route,itinéraire,ruta,路线,मार्ग
panel,panneau,panel,控制板,पैनल
tsh,TSH,TSH,TSH,टीएसएच
slashes,barre,barras,斜线,स्लैश
his,son,su,他的,उसका
authenticate,authentifier,autenticar,认证,प्रमाणित
Lew,Lew,Marear,Lew,ल्यू
orientation,orientation,orientación,方向,अभिविन्यास
DSM,DSM,DSM,DSM,डीएसएम
aux,Aux,aux,辅助,आंगन
1976,1976,1976,1976年,1976
phrase,phrase,frase,短语,वाक्यांश
write,écrire,escribir,写,लिखना
quest,quête,búsqueda,寻求,खोज
Bell,Cloche,Campana,钟,घंटी
paces,rythmes,ritmo,步伐,ज्ञान प्राप्त किया
interval,intervalle,intervalo,间隔,अंतराल
represent,représenter,representar,代表,प्रतिनिधित्व करना
slice,tranche,rebanada,片,टुकड़ा
building,bâtiment,edificio,建筑,इमारत
percent,pour cent,por ciento,百分比,प्रतिशत
arm,bras,brazo,手臂,हाथ
night,nuit,noche,夜晚,रात
orange,orange,naranja,橙子,नारंगी
not,pas,no,不是,नहीं
I'm,Je suis,Soy,我是,मैं हूँ
arena,arène,arena,竞技场,अखाड़ा
Bits,Bits,Brocas,位,बिट्स
their,leur,su,他们的,उनका
605,605,605,605,605
places,lieux,lugares,地方,स्थानों
essay,essai,ensayo,散文,निबंध
Construct,Construction,Construir,构造,निर्माण
each,chaque,cada,每个,प्रत्येक
constants,constantes,constantes,常数,स्थिरांक
strip,bande,banda,条,पट्टी
sum,somme,suma,和,जोड़
alignment,alignement,alineación,结盟,संरेखण
Read,Lire,Leer,读,पढ़ना
form,formulaire,forma,形式,रूप
Organ,Organe,Órgano,器官,अंग
opens,ouvrir,abertura,打开,खोलना
formerly,anciennement,antes,以前,पूर्व
nap,somme,siesta,午睡,झपकी लेना
boundary,limite,límite,边界,सीमा
bin,bac,papelera,垃圾桶,बिन
concept,concept,concepto,概念,अवधारणा
pie,tarte,pastel,馅饼,पाई
Iran,L'Iran,Irán,伊朗,ईरान
was,était,era,曾是,था
Nicolas,Nicolas,Nicolás,尼古拉斯,निकोलस
River,Rivière,Río,河,नदी
poses,poses,poses,姿势,बन गया है
portal,portail,portal,门户网站,बंदरगाह
Any,N'importe lequel,Cualquier,任何,कोई
Form,Formulaire,Forma,形式,रूप
963,963,963,963,963
inn,auberge,posada,客栈,सराय
Amy,Amy,Amy,艾米,एमी
Mind,Esprit,Mente,头脑,दिमाग
Mac,Mac,Impermeable,苹果,मैक
196,196,196,196,196
render,rendre,prestar,使成为,प्रदान करना
Danny,Danny,Danny,丹尼,डैनी
engine,moteur,motor,引擎,इंजन
joy,joie,alegría,喜悦,आनंद
core,cœur,centro,核,मुख्य
ratio,rapport,relación,比率,अनुपात
und,und,UND,和,-und
digit,chiffre,dígito,数字,अंक
ever,jamais,alguna vez,曾经,कभी
reduce,réduire,reducir,减少,कम करना
class,classe,clase,班级,कक्षा
stack,empiler,pila,堆,ढेर
variables,variables,variables,变量,चर
heart,cœur,corazón,心,दिल
Product,Produit,Producto,产品,उत्पाद
study,étude,estudiar,学习,अध्ययन
settings,paramètres,ajustes,设置,सेटिंग
Chain,Chaîne,Cadena,链,जंजीर
idol,idole,ídolo,偶像,प्रतिमा
1931,1931,1931,1931年,1931
161,161,161,161,161
favor,service,favor,恩宠,कृपादृष्टि
392,392,392,392,392
Santa,Père Noël,Santa,圣诞老人,सांता
Commission,Commission,Comisión,委员会,आयोग
Steps,Mesures,Pasos,步骤,कदम
Johnson,Johnson,Johnson,约翰逊,जॉनसन
bomb,bombe,bomba,炸弹,बम
hub,moyeu,centro,中心,केंद्र
compile,compiler,compilar,编译,संकलन
inventory,inventaire,inventario,存货,भंडार
integration,intégration,integración,一体化,एकीकरण
comments,commentaires,comentario,评论,सूचना
algorithm,algorithme,algoritmo,算法,एल्गोरिथम
90%,90%,90%,90％,90%
give,donner,dar,给,देना
Ontario,Ontario,Ontario,安大略省,ओंटारियो
Hit,Frapper,Golpear,打,मार
interest,intérêt,interés,兴趣,दिलचस्पी
Changes,Changements,Cambios,更改,परिवर्तन
gram,gramme,gramo,克,ग्राम
match,correspondre,fósforo,匹配,मिलान
ears,oreilles,orejas,耳朵,कान
Working,Fonctionnement,Laboral,在职的,कार्यरत
November,Novembre,Noviembre,十一月,नवंबर
You'll,Tu,Tu,你会的,आप
1/4,1/4,1/4,1/4,1/4
mission,mission,misión,使命,उद्देश्य
minutes,minutes,minutos,分钟,मिनट
forge,forge,fragua,锻造,फोर्ज
rum,rhum,Ron,朗姆酒,रम
columns,colonnes,columnas,列,कॉलम
year,année,año,年,वर्ष
Session,Session,Sesión,会议,सत्र
portion,partie,parte,部分,भाग
1848,1848,1848,1848年,1848
Policy,Politique,Política,政策,नीति
Post,Poste,Correo,邮政,डाक
103,103,103,103,103
payment,paiement,pago,支付,भुगतान
lying,couché,mintiendo,说谎,झूठ बोलना
Manchester,Manchester,Manchester,曼彻斯特,मैनचेस्टर
Paint,Peinture,Pintar,画,रँगना
trace,tracer,rastro,痕迹,पता लगाना
transaction,transaction,transacción,交易,लेन-देन
Forest,Forêt,Bosque,森林,जंगल
281,281,281,281,281
Allow,Permettre,Permitir,允许,अनुमति दें
Vehicle,Véhicule,Vehículo,车辆,वाहन
occasion,occasion,ocasión,场合,अवसर
Foot,Pied,Pie,脚,पैर
hop,houblon,brincar,跳,कूदना
codes,codes,codos,代码,कोड
1899,1899,1899,1899年,1899
although,bien que,a pesar de,虽然,हालांकि
Alexandre,Alexandre,Alexandre,亚历山大,एलेक्जेंडर
anger,colère,enojo,愤怒,गुस्सा
navigation,navigation,navegación,导航,मार्गदर्शन
talk,parler,hablar,讲话,बात करना
heap,tas,montón,堆,ढेर
Louis,Louis,Louis,路易,लुई
Position,Position,Posición,位置,पद
constant,constante,constante,持续的,स्थिर
Plane,Avion,Avión,飞机,विमान
Action,Action,Acción,行动,कार्रवाई
Scene,Scène,Escena,场景,दृश्य
We've,Nous avons,Tenemos,我们已经,हमने
Israel,Israël,Israel,以色列,इज़राइल
mark,marque,marca,标记,निशान
pole,pôle,polo,极,खंभा
traits,caractéristiques,rasgos,特质,लक्षण
love,amour,amar,爱,प्यार
Feature,Fonctionnalité,Característica,特征,विशेषता
334,334,334,334,334
Movement,Mouvement,Movimiento,移动,आंदोलन
20%,20%,20%,20％,20%
express,exprimer,expresar,表达,अभिव्यक्त करना
October,Octobre,Octubre,十月,अक्टूबर
216,216,216,216,216
Son,Fils,Hijo,儿子,पुत्र
DES,Des,Desesperación,des,डेस
lining,garniture,recubrimiento,衬垫,परत
questions,questions,preguntas,问题,प्रश्न
Wednesday,Mercredi,Miércoles,周三,बुधवार
cell,cellule,celúla,细胞,कक्ष
1970,1970,1970,1970年,1970
camp,camp,acampar,营,शिविर
dans,pavé,dans,丹斯,दहेज
lies,mensonges,mentiras,撒谎,झूठ
Process,Processus,Proceso,过程,प्रक्रिया
connection,connexion,conexión,联系,कनेक्शन
Suppose,Supposer,Suponer,认为,कल्पना करना
Organization,Organisation,Organización,组织,संगठन
resent,en vouloir,resentirse de,怨恨,क्रोध करना
Key,Clé,Llave,钥匙,चाबी
thread,fil,hilo,线,धागा
slash,sabrer,barra oblicua,削减,स्लैश
storm,tempête,tormenta,风暴,आंधी
end,fin,fin,结尾,अंत
fern,fougère,helecho,蕨类,फ़र्न
Very,Très,Muy,非常,बहुत
impact,impact,impacto,影响,प्रभाव
Ade,Ade,Ade,阿德,एडीई
force,forcer,fuerza,力量,बल
les,les,les,莱斯,लेस
Colombia,Colombie,Colombia,哥伦比亚,कोलंबिया
Fund,Fonds,Financiar,基金,फंड
Rock,Rocher,Roca,岩石,चट्टान
extend,étendre,extender,延长,बढ़ाना
wedge,coin,cuña,楔,कील
Way,Chemin,Forma,方式,रास्ता
258,258,258,258,258
inter,entre,enterrar,间,इंटर
jobs,emplois,trabajos,工作,नौकरियां
News,Nouvelles,Noticias,消息,समाचार
creature,créature,criatura,生物,प्राणी
Channel,Canal,Canal,渠道,चैनल
rim,jante,borde,轮缘,किनारा
grant,accorder,conceder,授予,अनुदान
Pak,Pak,Paquete,帕克,पाक
tool,outil,herramienta,工具,औजार
Association,Association,Asociación,协会,संगठन
1980,1980,1980,1980,1980
Brush,Brosse,Cepillar,刷子,ब्रश
drag,traîner,arrastrar,拖,खींचना
notice,avis,aviso,注意,सूचना
Drop,Baisse,Gota,降低,बूँद
roses,roses,rosas,玫瑰,गुलाब के फूल
search,recherche,buscar,搜索,खोज
Listen,Écouter,Escuchar,听,सुनना
characters,personnages,personajes,人物,वर्ण
Arte,Arte,Arte,艺术,आर्टे
Calls,Appels,Llamadas,呼叫,कॉल
orb,orbe,orbe,球,ओर्ब
market,marché,mercado,市场,बाज़ार
Craft,Artisanat,Artesanía,工艺,शिल्प
Motion,Mouvement,Movimiento,运动,गति
Pack,Paquet,Embalar,盒,सामान बाँधना
Draw,Dessiner,Dibujar,画,खींचना
interpret,interpréter,interpretar,解释,व्याख्या
Okay,D'accord,Bueno,好的,ठीक है
ashes,cendres,cenizas,骨灰,राख
1/2,1/2,1/2,1/2,1/2
Community,Communauté,Comunidad,社区,समुदाय
girl,fille,chica,女孩,लड़की
Control,Contrôle,Control,控制,नियंत्रण
plus,plus,más,加,प्लस
edit,modifier,editar,编辑,संपादन करना
185,185,185,185,185
Stan,Stan,Stan,斯坦,स्टेन
Daniel,Daniel,Daniel,丹尼尔,डैनियल
follow,suivre,seguir,跟随,अनुसरण करना
steps,mesures,pasos,步骤,कदम
police,police,policía,警察,पुलिस
instances,instances,instancias,实例,उदाहरण
father,père,padre,父亲,पिता
Jakarta,Jakarta,Jacarta,雅加达,जकार्ता
Actually,En fait,De hecho,实际上,वास्तव में
bolo,bolo,bolo,Bolo,बोलो
Where's,Où,Donde esta,在哪里,कहाँ है
who,OMS,OMS,WHO,कौन
Boy,Garçon,Chico,男生,लड़का
sing,chanter,cantar,唱歌,गाओ
828,828,828,828,828
1897,1897,1897,1897年,1897
Use,Utiliser,Usar,使用,उपयोग
radio,radio,radio,收音机,रेडियो
NBC,NBC,NBC,NBC,एनबीसी
roller,rouleau,rodillo,滚筒,रोलर
label,étiquette,etiqueta,标签,लेबल
Eric,Eric,Eric,埃里克,एरिक
plate,plaque,lámina,盘子,थाली
Commands,Commandes,Comandos,命令,आदेश
observe,observer,observar,观察,निरीक्षण
Snow,Neige,Nieve,雪,बर्फ
preview,prévisualisation,avance,预览,पूर्व दर्शन
tip,conseil,consejo,提示,बख्शीश
nature,nature,naturaleza,自然,प्रकृति
standing,debout,de pie,常设,खरा
flog,fouetter,azotar,鞭打,चाबुक से मारना
chart,graphique,cuadro,图表,चार्ट
domain,domaine,dominio,领域,कार्यक्षेत्र
colors,couleurs,bandera,颜色,रंग
berry,baie,baya,浆果,बेर
gateway,porte,puerta,网关,द्वार
143,143,143,143,143
Guatemala,Guatemala,Guatemala,危地马拉,ग्वाटेमाला
super,super,súper,极好的,बहुत अच्छा
permission,autorisation,permiso,允许,अनुमति
hang,accrocher,colgar,悬挂,लटकाना
1200,1200,1200,1200,1200
row,rangée,fila,排,पंक्ति
Design,Conception,Diseño,设计,डिज़ाइन
Bernard,Bernard,Bernardo,伯纳德,बर्नार्ड
mom,maman,mamá,妈妈,माँ
Did,A fait,Hizo,做过,किया
Figure,Chiffre,Cifra,数字,आकृति
rag,chiffon,trapo,抹布,खपरैल
phone,téléphone,teléfono,电话,फ़ोन
coordinate,coordonner,coordinar,协调,कोआर्डिनेट
diction,diction,dicción,词典,शब्द-चयन
damn,condamner,maldición,该死,लानत है
Metro,Métro,Metro,地铁,मेट्रो
Strength,Force,Fortaleza,力量,ताकत
Walk,Marcher,Caminar,走,टहलना
Escape,S'échapper,Escapar,逃脱,पलायन
out,dehors,afuera,出去,बाहर
otherwise,sinon,de lo contrario,否则,अन्यथा
images,images,imágenes,图像,इमेजिस
lent,Carême,prestado,大斋节,रोज़ा
Weather,Météo,Clima,天气,मौसम
bye,au revoir,adiós,再见,अलविदा
ski,ski,esquí,滑雪,स्की
miss,manquer,extrañar,错过,याद
popular,populaire,popular,受欢迎的,लोकप्रिय
adores,adorer,itreen,崇拜,प्यार करते हैं
hut,cabane,cabaña,小屋,झोपड़ी
Above,Au-dessus de,Arriba,多于,ऊपर
355,355,355,355,355
Berlin,Berlin,Berlina,柏林,बर्लिन
week,semaine,semana,星期,सप्ताह
introduction,introduction,introducción,介绍,परिचय
Monday,Lundi,Lunes,周一,सोमवार
register,registre,registro,登记,पंजीकरण करवाना
lana,lana,lana,拉娜,लाना
wood,bois,madera,木头,लकड़ी
stem,tige,provenir,干,तना
pond,étang,estanque,池塘,तालाब
142,142,142,142,142
aspect,aspect,aspecto,方面,पहलू
Rules,Règles,Normas,规则,नियम
qualities,qualités,cualidades,品质,गुण
School,École,Escuela,学校,विद्यालय
having,ayant,teniendo,有,होना
Properties,Propriétés,Propiedades,特性,गुण
threshold,seuil,límite,临界点,सीमा
wart,verrue,verruga,疣,मस्सा
avail,profiter,aprovechar,可用,लाभ लेना
Transfer,Transfert,Transferir,转移,स्थानांतरण
john,John,John,约翰,जॉन
burst,éclatement,explosión,爆裂,फोड़ना
urge,exhorter,urgir,敦促,प्रबल इच्छा
methods,méthodes,métodos,方法,तरीकों
Iron,Fer,Hierro,铁,लोहा
cache,cache,cache,缓存,कैश
Gal,Fille,Galón,gal,लड़की
606,606,606,606,606
Pierre,Percer,Pierre,皮埃尔,पियरे
mana,mana,maná,法力,मन
Head,Tête,Cabeza,头,सिर
formation,formation,formación,形成,गठन
cases,cas,casos,案例,मामलों
Budget,Budget,Presupuesto,预算,बजट
Madame,Madame,Señora,夫人,मैडम
Alberto,Alberto,Alberto,阿尔贝托,अल्बर्टो
117,117,117,117,117
keys,clés,llaves,钥匙,चाबी
ague,fièvre,fiebre intermitente,疟疾,जूड़ी
visit,visite,visita,访问,मिलने जाना
copy,copie,Copiar,复制,कॉपी
Sheets,Feuilles,Hojas,床单,शीट्स
260,260,260,260,260
dimension,dimension,dimensión,方面,आयाम
Plot,Parcelle,Trama,阴谋,कथानक
Mig,Mig,Migas,mig,मिग
eras,époques,época,时代,युग
metal,métal,metal,金属,धातु
disc,disque,desct,光盘,डिस्क
series,série,serie,系列,शृंखला
fragment,fragment,fragmento,分段,टुकड़ा
abide,se conformer,cumplir,遵守,पालन ​​करना
Better,Mieux,Mejor,更好的,बेहतर
Side,Côté,Lado,边,ओर
Pain,Douleur,Dolor,疼痛,दर्द
ass,cul,culo,屁股,गधा
Thanks,Merci,Gracias,谢谢,धन्यवाद
City,Ville,Ciudad,城市,शहर
raft,radeau,balsa,筏,बेड़ा
Completion,Achèvement,Terminación,完成,समापन
three,trois,tres,三,तीन
into,dans,en,进入,में
here,ici,aquí,这里,यहाँ
body,corps,cuerpo,身体,शरीर
Bas,Bas,Basura,bas,बस
Charles,Charles,Charles,查尔斯,चार्ल्स
shots,coups de feu,disparos,镜头,फुहार
charge,charge,cargar,收费,शुल्क
Information,Information,Información,信息,जानकारी
Martin,Martin,Martín,马丁,मार्टिन
section,section,sección,部分,अनुभाग
tag,étiqueter,etiqueta,标签,टैग
871,871,871,871,871
flag,drapeau,bandera,旗帜,झंडा
integer,entier,entero,整数,पूर्णांक
slant,incliner,inclinación,倾斜,तिरछा
Youth,Jeunesse,Juventud,青年,युवा
Days,Jours,Días,天,दिन
Sun,Soleil,Sol,太阳,सूरज
counters,comptoirs,mostrador,柜台,काउंटर
BBB,BBB,Bbb,BBB,बीबीबी
271,271,271,271,271
fad,mode,moda,时尚,सनक
width,largeur,ancho,宽度,चौड़ाई
home,maison,hogar,家,घर
1945,1945,1945,1945年,1945
bay,baie,bahía,湾,खाड़ी
design,conception,diseño,设计,डिज़ाइन
385,385,385,385,385
Run,Courir,Correr,跑步,दौड़ना
bath,bain,baño,洗澡,नहाना
Starting,Départ,A partir de,开始,आरंभ
ants,fourmis,hormigas,蚂蚁,चींटियों
clam,palourde,almeja,蛤,क्लैम
hair,cheveux,cabello,头发,बाल
letters,courrier,letras,信件,पत्र
warning,avertissement,advertencia,警告,चेतावनी
283,283,283,283,283
Doug,Doug,Doug,道格,डौग
Reb,Reb,Rebaño,reb,पुनर्निर्माण करना
loading,chargement,cargando,加载中,लोड करना
swing,balançoire,balancearse,摇摆,झूला
ther,il,al mismo,ther,थेर
492,492,492,492,492
Span,Portée,Durar,跨度,अवधि
Would,Serait,Quería,会,चाहेंगे
icing,glaçage,formación de hielo,结冰,इशारा
fortunately,heureusement,afortunadamente,幸运的是,सौभाग्य से
heel,talon,tacón,脚跟,एड़ी
learning,apprentissage,aprendiendo,学习,सीखना
John,John,John,约翰,जॉन
1889,1889,1889,1889年,1889
invent,inventer,inventar,发明,आविष्कार करना
Before,Avant,Antes,前,पहले
675,675,675,675,675
327,327,327,327,327
physics,physique,física,物理,भौतिक विज्ञान
view,voir,vista,看法,देखना
Images,Images,Imágenes,图像,इमेजिस
1300,1300,1300,1300,1300
load,charger,carga,加载,भार
Back,Dos,Atrás,后退,पीछे
frames,cadres,marcos,帧,फ़्रेम
Ham,Jambon,Jamón,火腿,जांघ
Story,Histoire,Historia,故事,कहानी
closure,fermeture,cierre,关闭,बंद
star,étoile,estrella,星星,तारा
Make,Faire,Hacer,制作,बनाना
Stock,Action,Existencias,库存,भंडार
location,emplacement,ubicación,地点,जगह
oven,four,horno,烤箱,ओवन
vista,vue,vista,远景,विस्टा
Reply,Répondre,Responder,回复,जवाब
Mom,Maman,Mamá,妈妈,माँ
post,poste,correo,邮政,डाक
273,273,273,273,273
Luis,Luis,Luis,路易斯,लुइस
Oliver,Oliver,Oliver,奥利弗,ओलिवर
merge,fusionner,unir,合并,मर्ज
1965,1965,1965,1965年,1965
Shape,Forme,Forma,形状,आकार
566,566,566,566,566
1904,1904,1904,1904年,1904
List,Liste,Lista,列表,सूची
Besides,En plus,Además,除了,अलावा
you're,tu es,estás,你,आप कर रहे हैं
stock,action,existencias,库存,भंडार
rather,plutôt,bastante,相当,की अपेक्षा
Feedback,Retour,Comentario,反馈,प्रतिक्रिया
wing,aile,ala,翼,विंग
Hours,Heures,Horas,小时,घंटे
giving,don,donación,给予,दे रही है
tax,impôt,impuesto,税,कर
643,643,643,643,643
machine,machine,máquina,机器,मशीन
block,bloc,bloquear,堵塞,अवरोध पैदा करना
Gateway,Porte,Puerta,网关,द्वार
LOC,Localiser,Loc,loc,एलओसी
Echo,Écho,Eco,回声,गूंज
Moreover,De plus,Además,而且,इसके अतिरिक्त
Elena,Elena,Elena,埃琳娜,ऐलेना
description,description,descripción,描述,विवरण
Less,Moins,Menos,较少的,कम
thumbnail,vignette,uña del pulgar,缩略图,थंबनेल
running,en cours d'exécution,correr,跑步,दौड़ना
changed,modifié,cambió,改变了,बदले हुए
words,mots,palabras,字,शब्द
going,en allant,yendo,去,जा रहा है
Begin,Commencer,Comenzar,开始,शुरू
partition,partition,dividir,分割,PARTITION
ape,singe,mono,猿,अनुकरण करना
Finally,Enfin,Finalmente,最后,अंत में
Nothing,Rien,Nada,没有什么,कुछ नहीं
Ford,Gué,Vado,福特,पायाब
Average,Moyenne,Promedio,平均的,औसत
Ron,Ron,Ron,罗恩,रॉन
Greater,Plus grand,Mayor que,更大,ग्रेटर
Foundation,Fondation,Base,基础,नींव
every,chaque,cada,每一个,प्रत्येक
Roberto,Roberto,Roberto,罗伯托,रॉबर्टो
able,capable,capaz,有能力的,योग्य
table,tableau,mesa,桌子,मेज़
statistics,statistiques,estadística,统计数据,आंकड़े
5-1,5-1,5-1,5-1,5-1
Stand,Rester,Pararse,站立,खड़ा होना
Lear,Apparition,Estar a fines de agua,李尔,लेअर
omen,présage,presagio,预兆,शकुन
Sky,Ciel,Cielo,天空,आकाश
organ,organe,órgano,器官,अंग
alors,alors,alors,alors,अखिल
comes,vient,llega,来,आता है
storage,stockage,almacenamiento,贮存,भंडारण
input,saisir,aporte,输入,इनपुट
whatever,peu importe,lo que,任何,जो कुछ भी
Taylor,Taylor,Taylor,泰勒,टेलर
Production,Production,Producción,生产,उत्पादन
let's,faisons,vamos,让我们,के जाने
regard,égard,respecto,看待,संबद्ध
Therefore,Donc,Por lo tanto,所以,इसलिए
notification,notification,notificación,通知,अधिसूचना
voice,voix,voz,嗓音,आवाज़
comment,commentaire,comentario,评论,टिप्पणी
Orient,Orient,Orientar,东方,पूरब
Operation,Opération,Operación,手术,संचालन
experiment,expérience,experimento,实验,प्रयोग
3-5,3-5,3-5,3-5,3-5
Region,Région,Región,地区,क्षेत्र
1948,1948,1948,1948年,1948
examples,exemples,ejemplos,例子,उदाहरण
apart,à part,aparte,除外,अलग
more,plus,más,更多的,अधिक
Something,Quelque chose,Algo,某物,कुछ
Tree,Arbre,Árbol,树,पेड़
skill,compétence,habilidad,技能,कौशल
oks,oks,oks,好的,ओक्स
Pipeline,Pipeline,Tubería,管道,पाइपलाइन
Registry,Enregistrement,Registro,注册表,रजिस्ट्री
verb,verbe,verbo,动词,क्रिया
evaluate,évaluer,evaluar,评价,मूल्यांकन करना
1-0,1-0,1-0,1-0,1-0
Han,Han,Han,汉,हान
treat,traiter,tratar,对待,इलाज
Van,Van,Furgoneta,面包车,वैन
closes,fermeture,cierre,关闭,बंद
250,250,250,250,250
Heart,Cœur,Corazón,心,दिल
rates,tarif,tarifa,费率,दर
orbit,orbite,órbita,轨道,गोला
quart,litre,cuarto de galón,夸脱,चौथाई गेलन
ivy,lierre,hiedra,常春藤,आइवी
guide,guide,guía,指导,मार्गदर्शक
pound,livre,libra,磅,पाउंड
Can't,Ne peut pas,No poder,不能,नहीं कर सकता
December,Décembre,Diciembre,十二月,दिसंबर
kernel,noyau,núcleo,核心,कर्नेल
Progress,Progrès,Progreso,进步,प्रगति
Miguel,Miguel,Miguel,米格尔,मिगुएल
web,web,web,网络,वेब
Choose,Choisir,Elegir,选择,चुनना
Page,Page,Página,页,पेज
base,base,base,根据,आधार
Requests,Demandes,Solicitudes,请求,अनुरोध
packet,paquet,paquete,包,पैकेट
currency,devise,divisa,货币,मुद्रा
817,817,817,817,817
service,service,servicio,服务,सेवा
402,402,402,402,402
fraction,fraction,fracción,分数,अंश
Birth,Naissance,Nacimiento,出生,जन्म
27%,27%,27%,27％,27%
yen,yen,yen,日元,येन
Styles,Styles,Estilos,样式,शैलियों
spacing,espacement,espaciado,间距,अंतर
exists,existant,existe,存在,मौजूद है
hob,plaque,quemador,hob,हॉब
Mme,Mme,Mete,妈妈,ममे
1959,1959,1959,1959年,1959
rig,gréement,aparejo,钻机,रिग
Turn,Tourner,Doblar,转动,मोड़
eva,Eva,Eva,伊娃,ईवा
ranch,ranch,rancho,牧场,खेत
lean,maigre,inclinarse,倾斜,दुबला
Notes,Notes,Notas,笔记,नोट
site,site,sitio,地点,साइट
criteria,critères,criterios,标准,मानदंड
Bill,Facture,Factura,账单,बिल
filter,filtre,filtrar,筛选,फ़िल्टर
him,lui,a él,他,उसे
earth,Terre,tierra,地球,धरती
Stuff,Truc,Cosa,东西,सामग्री
Arthur,Arthur,Arturo,亚瑟,आर्थर
Flip,Retourner,Voltear,翻动,पलटना
AAA,Aaa,AAA,AAA,एएए
I'll,Je vais,Enfermo,患病的,बीमार
650,650,650,650,650
lists,listes,liza,列表,सूचियों
inflate,gonfler,inflar,膨胀,फुलाना
thy,tes,tu,你,तेरा
gust,rafale,ráfaga,阵风,झोंका
532,532,532,532,532
Shadow,Ombre,Sombra,阴影,छाया
quarters,quartiers,cuarteles,季度,क्वार्टरों
subscription,abonnement,suscripción,订阅,सदस्यता
atom,atome,átomo,原子,एटम
5000,5000,5000,5000,5000
town,ville,ciudad,镇,शहर
Criterion,Critère,Criterio,标准,मापदंड
units,unités,unidades,单位,इकाइयां
trees,arbres,árboles,树木,पेड़
mines,mines,minas,地雷,खानों
Rank,Rang,Rango,秩,रैंक
pit,fosse,fosa,坑,गड्ढा
Ngo,ONG,ONG,非政府组织,नोक
Handling,Manutention,Manejo,处理,हैंडलिंग
Leave,Partir,Dejar,离开,छुट्टी
1515,1515,1515,1515年,1515
virus,virus,virus,病毒,वायरस
gut,intestin,intestino,肠,आंत
transfer,transfert,transferir,转移,स्थानांतरण
snap,instantané,quebrar,折断,स्नैप
submit,soumettre,entregar,提交,जमा करना
I'd,Identifiant,Identificación,ID,पहचान
blast,explosion,explosión,爆炸,धमाका
reject,rejeter,rechazar,拒绝,अस्वीकार करना
Fragment,Fragment,Fragmento,分段,टुकड़ा
hours,heures,horas,小时,घंटे
Currently,Actuellement,Actualmente,现在,वर्तमान में
Anne,Anne,Ana,安妮,ऐनी
split,diviser,dividir,分裂,विभाजित करना
back,dos,atrás,后退,पीछे
There,Là,Allá,那里,वहाँ
1963,1963,1963,1963年,1963
shake,secouer,agitar,摇,हिलाना
repeat,répéter,repetir,重复,दोहराना
1884,1884,1884,1884年,1884
Moving,Mobile,Emocionante,移动,आगे बढ़ने वाला
Prime,Prime,Principal,主要的,मुख्य
region,région,región,地区,क्षेत्र
logic,logique,lógica,逻辑,तर्क -संबंधी
Joan,Joan,Joan,琼,जोन
existence,existence,existencia,存在,अस्तित्व
North,Nord,Norte,北,उत्तर
forms,formes,formularios,表格,फार्म
Enrique,Enrique,Enrique,恩里克,एनरिक
remove,retirer,eliminar,消除,निकालना
koan,koan,koan,Koan,कोआन
Version,Version,Versión,版本,संस्करण
touch,touche,tocar,触碰,छूना
can,peut,poder,能,कर सकना
continue,continuer,continuar,继续,जारी रखना
Look,Regarder,Mirar,看,देखना
arms,bras,brazos,武器,हथियारों
150,150,150,150,150
Shop,Boutique,Comercio,店铺,दुकान
Serial,En série,De serie,系列,धारावाहिक
games,jeux,juego,游戏,खेल
950,950,950,950,950
send,envoyer,enviar,发送,भेजना
share,partager,compartir,分享,शेयर करना
assuming,supposant,arrogante,假设,मान लिया जाये
Sources,Sources,Fuentes,来源,सूत्रों का कहना है
setting,paramètre,configuración,环境,सेटिंग
Kel,Kel,Kel,凯尔,केल
And,Et,Y,和,और
C'est,C'est,Cien,c'est,C'est
Festival,Festival,Festival,节日,त्योहार
Dana,Dana,Dana,达娜,दाना
contents,contenu,contenido,内容,अंतर्वस्तु
wait,attendez,esperar,等待,इंतज़ार
Des,Des,Desesperación,des,डेस
restore,restaurer,restaurar,恢复,पुनर्स्थापित करना
